Tick,TotalNetWorth,CashBalance,Weight_AAPL,Weight_MSFT,Weight_NVDA
1,156000,100000,0.333333,0.333333,0.333333
2,155847,-153.333,0.000771271,0.000771271,0.998457
3,155580,-266.519,0.0145776,0.00067616,0.984746
4,155576,-18.4765,0.0109743,0.000572658,0.988453
5,155694,541.594,0.0216232,0.0010832,0.977294
6,155691,47.0489,0.0292793,0.00124278,0.969478
7,155691,73.1608,0.0101293,0.706994,0.282876
8,155648,-42.9944,0.0152642,0.614118,0.370618
9,155642,-5.89471,0.0188014,0.568279,0.412919
10,155619,-2.98733,0.0193521,0.585709,0.394939
11,155622,84.8656,0.0196262,0.594658,0.385715
12,155622,127.858,0.019844,0.601804,0.378352
13,155529,161.763,0.0261603,0.487327,0.486512
14,155665,15.0345,0.0427615,0.598863,0.358376
15,155712,47.0118,0.0549214,0.63313,0.311948
16,155722,16.0708,0.0605146,0.67131,0.268176
17,155738,16.4022,0.0624688,0.670701,0.266831
18,155738,-289.043,0.0641973,0.670117,0.265686
19,155650,-558.326,0.0689318,0.653507,0.277561
20,155657,6.57782,0.0730534,0.639777,0.28717
21,155663,5.80423,0.0766804,0.628231,0.295089
22,155740,4.82648,0.0935439,0.55322,0.353236
23,155938,42.4249,0.128724,0.607159,0.264117
24,155952,82.7491,0.115337,0.648782,0.235881
25,156043,41.5289,0.103678,0.684639,0.211683
26,156082,38.6094,0.0927311,0.68478,0.222489
27,156037,61.6655,0.0812234,0.686177,0.232599
28,156057,255.738,0.0710596,0.695727,0.233214
29,156073,116.603,0.0637217,0.703019,0.233259
30,156085,122.672,0.0635958,0.704756,0.231648
31,156085,122.672,0.0634779,0.706353,0.230169
32,156086,-404.131,0.0633673,0.707824,0.228808
33,156046,-404.131,0.0574171,0.713612,0.228971
34,156059,-550.525,0.0527888,0.718318,0.228893
35,156070,-563.029,0.0490858,0.722247,0.228667
36,156078,-598.013,0.0488489,0.723472,0.227679
37,156078,-598.013,0.0486278,0.724616,0.226756
38,156172,-598.013,0.0499816,0.749075,0.200943
39,156220,192.85,0.0509437,0.767626,0.181431
40,156253,33.4095,0.0516471,0.78219,0.166162
41,156277,135.168,0.0514758,0.783344,0.16518
42,156277,135.168,0.051314,0.784428,0.164258
43,156349,135.168,0.053396,0.776074,0.17053
44,156413,706.361,0.0558323,0.775447,0.168721
45,156417,326.218,0.0581232,0.774733,0.167144
46,156421,-28.3234,0.0583472,0.781217,0.160435
47,156433,46.8205,0.0581933,0.782496,0.159311
48,156433,46.8205,0.0580461,0.783705,0.158249
49,156313,46.8205,0.0617185,0.770681,0.167601
50,156336,23.5772,0.0651088,0.758742,0.176149
51,156363,26.5574,0.0682493,0.747758,0.183992
52,156387,24.4434,0.0681543,0.748728,0.183118
53,156387,24.4434,0.0680629,0.749651,0.182287
54,156387,24.4434,0.0679748,0.750531,0.181495
55,156389,-425.416,0.0678899,0.751371,0.18074
56,156389,-425.416,0.067808,0.752173,0.180019
57,156389,-425.416,0.0677289,0.752941,0.17933
58,156398,-425.416,0.0677425,0.753349,0.178909
59,156400,-863.429,0.0677553,0.753739,0.178505
60,156400,-863.429,0.0677675,0.754113,0.178119
61,156409,56.7958,0.0676954,0.754775,0.177529
62,156409,56.7958,0.0676257,0.755411,0.176963
63,156457,56.7958,0.0578301,0.76391,0.17826
64,156491,65.7194,0.0507331,0.770199,0.179068
65,156513,186.415,0.0453529,0.775082,0.179565
66,156532,262.955,0.0453121,0.775614,0.179074
67,156532,262.955,0.0452702,0.776138,0.178592
68,156532,262.955,0.0452295,0.776644,0.178127
69,156545,262.955,0.0443954,0.777778,0.177826
70,156547,-181.831,0.0436156,0.778854,0.17753
71,156552,108.876,0.0428851,0.779876,0.177239
72,156552,108.876,0.0429167,0.780262,0.176821
73,156552,108.876,0.0429474,0.780636,0.176417
74,156554,-341.925,0.0429772,0.780997,0.176025
75,156554,-341.925,0.043006,0.781347,0.175647
76,156554,-341.925,0.043034,0.781687,0.175279
77,156554,-341.925,0.0430612,0.782015,0.174924
78,156554,-341.925,0.0430876,0.782334,0.174579
79,156554,-341.925,0.0431133,0.782643,0.174244
80,156595,-341.925,0.0432732,0.785392,0.171334
81,156610,-36.4948,0.0434243,0.787985,0.168591
82,156612,-452.465,0.0435673,0.790433,0.165999
83,156612,-452.465,0.0435941,0.790776,0.16563
84,156614,-889.154,0.0436202,0.791109,0.16527
85,156624,67.5921,0.0436456,0.791433,0.164921
86,156624,67.5921,0.0436703,0.791747,0.164582
87,156624,67.5921,0.0436943,0.792053,0.164252
88,156624,67.5921,0.0437177,0.792351,0.163932
89,156624,67.5921,0.0437406,0.79264,0.163619
90,156624,67.5921,0.0437628,0.792922,0.163315
91,156997,67.5921,0.0662631,0.687025,0.246712
92,157321,323.963,0.083161,0.60791,0.308929
93,157566,245.124,0.0963407,0.546556,0.357103
94,157757,190.861,0.0964093,0.547,0.35659
95,157757,190.861,0.0964763,0.547433,0.35609
96,157757,190.861,0.0965416,0.547856,0.355602
97,157757,190.861,0.0966054,0.54827,0.355125
98,157757,190.861,0.0966677,0.548673,0.354659
99,157760,-244.135,0.0967285,0.549068,0.354204
100,157760,-244.135,0.096788,0.549453,0.353759
101,157760,-244.135,0.0968461,0.54983,0.353324
102,157760,-244.135,0.0969028,0.550199,0.352898
103,157760,-244.135,0.0969583,0.550559,0.352482
104,157760,-244.135,0.0970126,0.550912,0.352075
105,157753,-244.135,0.0970325,0.551278,0.35169
106,157756,-649.709,0.0970519,0.551636,0.351312
107,157756,-649.709,0.0970708,0.551987,0.350943
108,157712,-649.709,0.0943846,0.553984,0.351631
109,157720,-802.736,0.0918915,0.555859,0.35225
110,157729,-401.972,0.0895715,0.557622,0.352806
111,157716,-607.672,0.0889005,0.55837,0.35273
112,157716,-607.672,0.0882519,0.559098,0.35265
113,157720,-418.736,0.0876245,0.559806,0.352569
114,157720,-418.736,0.0876474,0.56011,0.352242
115,157720,-418.736,0.0876698,0.560408,0.351922
116,157813,-850.287,0.0884308,0.565426,0.346143
117,157841,64.5437,0.0891538,0.570201,0.340645
118,157800,-699.111,0.0902226,0.572946,0.336832
119,157829,29.2355,0.0906233,0.571509,0.337868
120,157672,29.2355,0.0646866,0.58662,0.348694
121,157577,172.674,0.0561091,0.550002,0.393889
122,157772,195.058,0.0501704,0.517467,0.432363
123,157935,162.74,0.0536312,0.484668,0.461701
124,158067,132.816,0.053646,0.485004,0.46135
125,158067,132.816,0.0536605,0.485334,0.461006
126,158056,132.816,0.0536356,0.485678,0.460686
127,158056,132.816,0.0536111,0.486017,0.460372
128,158056,132.816,0.0535871,0.48635,0.460063
129,158044,132.816,0.0535616,0.486678,0.459761
130,158044,132.816,0.0535365,0.487,0.459463
131,158177,-284.306,0.0542077,0.493655,0.452137
132,158211,161.307,0.0548771,0.499989,0.445134
133,158246,35.2916,0.0555151,0.506039,0.438446
134,158271,128.247,0.0555264,0.506375,0.438098
135,158271,128.247,0.0555375,0.506706,0.437756
136,158271,128.247,0.0555484,0.507032,0.43742
137,158271,128.247,0.055559,0.507352,0.437089
138,158271,128.247,0.0555694,0.507667,0.436764
139,158271,128.247,0.0555796,0.507977,0.436443
140,158271,128.247,0.0555896,0.508282,0.436128
141,158271,128.247,0.0555994,0.508583,0.435818
142,158276,-282.657,0.055609,0.508879,0.435512
143,158276,-282.657,0.0556185,0.50917,0.435212
144,158276,-282.657,0.0556277,0.509457,0.434916
145,158276,-282.657,0.0556368,0.509739,0.434624
146,158348,-282.657,0.0557818,0.511265,0.432953
147,158353,-741.509,0.0559236,0.51276,0.431317
148,158371,430.218,0.0560621,0.514222,0.429715
149,158426,-233.53,0.0560694,0.514479,0.429451
150,158367,-233.53,0.0529749,0.516424,0.430601
151,158386,215.51,0.0502417,0.51817,0.431589
152,158594,40.3049,0.0491515,0.534333,0.416515
153,158669,-87.9694,0.0503773,0.547928,0.401694
154,158735,102.316,0.0515019,0.560431,0.388067
155,158806,70.9051,0.0515077,0.560761,0.387731
156,158791,70.9051,0.051435,0.561132,0.387433
157,158791,70.9051,0.0513635,0.561498,0.387138
158,158791,70.9051,0.0512932,0.561859,0.386848
159,158791,70.9051,0.0512957,0.562172,0.386532
160,158791,70.9051,0.0512981,0.562481,0.386221
161,158791,70.9051,0.0513004,0.562785,0.385915
162,158796,-329.8,0.0513027,0.563085,0.385612
163,158796,-329.8,0.0513049,0.563381,0.385314
164,158796,-329.8,0.0513071,0.563673,0.38502
165,158796,-329.8,0.0513091,0.563961,0.38473
166,158796,-329.8,0.0513111,0.564245,0.384444
167,158796,-329.8,0.0513131,0.564525,0.384162
168,158796,-329.8,0.051315,0.564802,0.383884
169,158718,-329.8,0.0516202,0.562503,0.385877
170,158718,-329.8,0.0519194,0.560255,0.387826
171,158718,-329.8,0.0522127,0.558056,0.389732
172,158726,392.497,0.0522154,0.558314,0.389471
173,158726,392.497,0.0522181,0.558569,0.389213
174,158726,392.497,0.0522206,0.558821,0.388959
175,158499,392.497,0.054799,0.53732,0.407881
176,158625,126,0.0571608,0.517671,0.425169
177,158738,112.769,0.0593327,0.499642,0.441025
178,158842,103.632,0.0593408,0.499869,0.440791
179,158842,103.632,0.0593487,0.500092,0.440559
180,158842,103.632,0.0593565,0.500313,0.440331
181,158661,103.632,0.0609504,0.487186,0.451864
182,158734,73.2213,0.0624471,0.474886,0.462666
183,158809,75.2788,0.0638556,0.463339,0.472805
184,158880,70.7793,0.0638676,0.463531,0.472601
185,158880,70.7793,0.0638794,0.463721,0.4724
186,158858,70.7793,0.0637008,0.464003,0.472297
187,158858,70.7793,0.0635253,0.464281,0.472194
188,158858,70.7793,0.0633527,0.464555,0.472092
189,158858,70.7793,0.0633611,0.464738,0.471901
190,158858,70.7793,0.0633693,0.464918,0.471713
191,158858,70.7793,0.0633774,0.465096,0.471526
192,158858,70.7793,0.0633855,0.465273,0.471342
193,158858,70.7793,0.0633934,0.465447,0.47116
194,158858,70.7793,0.0634012,0.465619,0.47098
195,158858,70.7793,0.0634089,0.465789,0.470802
196,158865,-334.285,0.0634165,0.465958,0.470626
197,158865,-334.285,0.063424,0.466124,0.470452
198,158865,-334.285,0.0634314,0.466289,0.47028
199,158696,-334.285,0.0647682,0.45527,0.479962
200,158746,209.285,0.0660311,0.444879,0.48909
201,158821,75.5831,0.0672264,0.435063,0.497711
202,158886,64.2795,0.067237,0.435203,0.49756
203,158886,64.2795,0.0672475,0.435342,0.497411
204,158886,64.2795,0.067258,0.435479,0.497263
205,158886,64.2795,0.0672682,0.435614,0.497118
206,158886,64.2795,0.0672784,0.435748,0.496973
207,158886,64.2795,0.0672885,0.435881,0.496831
208,158886,64.2795,0.0672984,0.436012,0.496689
209,158886,64.2795,0.0673082,0.436142,0.49655
210,158886,64.2795,0.067318,0.436271,0.496411
211,158857,64.2795,0.0673397,0.436296,0.496364
212,158857,64.2795,0.0673613,0.436322,0.496317
213,158857,64.2795,0.0673826,0.436347,0.496271
214,158779,64.2795,0.0676354,0.434434,0.497931
215,158779,64.2795,0.0678838,0.432557,0.499559
216,158779,64.2795,0.0681278,0.430717,0.501156
217,158791,678.299,0.0681386,0.430823,0.501038
218,158802,678.299,0.0681303,0.430809,0.501061
219,158802,678.299,0.0681222,0.430795,0.501083
220,158770,678.299,0.0681313,0.430637,0.501232
221,158774,678.299,0.0681524,0.430556,0.501292
222,158766,678.299,0.0681867,0.43047,0.501344
223,158717,678.299,0.068271,0.429964,0.501765
224,158717,678.299,0.0683611,0.429507,0.502132
225,158726,506.264,0.0684364,0.429061,0.502502
226,158726,506.264,0.0684473,0.429152,0.502401
227,158726,506.264,0.068458,0.429242,0.5023
228,158726,506.264,0.0684687,0.429331,0.502201
229,158726,506.264,0.0684792,0.429419,0.502102
230,158726,506.264,0.0684897,0.429506,0.502004
231,158726,506.264,0.0685,0.429592,0.501908
232,158726,506.264,0.0685102,0.429678,0.501812
233,158726,506.264,0.0685204,0.429763,0.501717
234,158726,506.264,0.0685304,0.429847,0.501623
235,158726,506.264,0.0685404,0.42993,0.50153
236,158726,506.264,0.0685502,0.430012,0.501438
237,158726,506.264,0.06856,0.430094,0.501346
238,158726,506.264,0.0685696,0.430175,0.501256
239,158848,506.264,0.0691102,0.433587,0.497303
240,158860,-47.8188,0.0696377,0.436916,0.493446
241,158676,-772.531,0.0720905,0.424699,0.503211
242,158809,727.638,0.0740011,0.411084,0.514915
243,158929,120.459,0.0757904,0.39849,0.52572
244,158832,100.137,0.0776486,0.385404,0.536948
245,158936,104.237,0.0792726,0.372775,0.547952
246,158980,106.027,0.0788741,0.361805,0.559321
247,159067,88.8934,0.0770884,0.36258,0.560332
248,159082,378.951,0.0753969,0.363318,0.561285
249,159096,661.442,0.075412,0.363384,0.561204
250,159096,661.442,0.075427,0.363451,0.561122
251,159096,661.442,0.0754419,0.363516,0.561042
252,159096,661.442,0.0754567,0.363581,0.560962
253,159096,661.442,0.0754713,0.363645,0.560883
254,159096,661.442,0.0754858,0.363709,0.560805
255,159096,661.442,0.0755002,0.363772,0.560727
256,159096,661.442,0.0755144,0.363835,0.56065
257,159305,661.442,0.0771498,0.371708,0.551142
258,159399,94.4985,0.0787177,0.379257,0.542026
259,159480,81.2425,0.0802224,0.3865,0.533278
260,159558,78.0216,0.0802388,0.386573,0.533188
261,159558,78.0216,0.0802551,0.386645,0.5331
262,159558,78.0216,0.0802712,0.386717,0.533012
263,159563,78.0216,0.0802781,0.386744,0.532978
264,159563,78.0216,0.080285,0.386771,0.532944
265,159563,78.0216,0.0802918,0.386798,0.53291
266,159563,78.0216,0.0803075,0.386868,0.532824
267,159563,78.0216,0.0803231,0.386938,0.532739
268,159563,78.0216,0.0803386,0.387006,0.532655
269,159576,78.0216,0.0803327,0.386972,0.532695
270,159576,78.0216,0.0803268,0.386938,0.532735
271,159576,78.0216,0.080321,0.386905,0.532774
272,159681,78.0216,0.0806275,0.388375,0.530997
273,159681,78.0216,0.0809296,0.389825,0.529246
274,159698,-513.368,0.0812273,0.391254,0.527519
275,159814,267.308,0.0813859,0.392012,0.526602
276,159825,-122.653,0.0815426,0.392761,0.525696
277,159825,-122.653,0.0816976,0.393503,0.5248
278,159825,-122.653,0.081716,0.393586,0.524698
279,159825,-122.653,0.0817343,0.393668,0.524597
280,159825,-122.653,0.0817524,0.39375,0.524497
281,159825,-122.653,0.0817703,0.393831,0.524398
282,159825,-122.653,0.0817882,0.393912,0.5243
283,159825,-122.653,0.0818058,0.393992,0.524202
284,159825,-122.653,0.0818234,0.394071,0.524105
285,159825,-122.653,0.0818408,0.39415,0.524009
286,159825,-122.653,0.081858,0.394228,0.523914
287,159920,-122.653,0.0820903,0.395341,0.522568
288,159936,-680.858,0.0823197,0.396441,0.521239
289,159975,221.005,0.0825462,0.397527,0.519927
290,159975,221.005,0.0825648,0.397611,0.519824
291,159975,221.005,0.0825832,0.397695,0.519722
292,159986,-166.058,0.0826015,0.397778,0.51962
293,159986,-166.058,0.0826196,0.397861,0.51952
294,159986,-166.058,0.0826376,0.397942,0.51942
295,159986,-166.058,0.0826555,0.398024,0.519321
296,159986,-166.058,0.0826732,0.398104,0.519222
297,159986,-166.058,0.0826908,0.398184,0.519125
298,159986,-166.058,0.0827083,0.398264,0.519028
299,159986,-166.058,0.0827256,0.398343,0.518932
300,159986,-166.058,0.0827428,0.398421,0.518836
301,159986,-166.058,0.0827599,0.398498,0.518742
302,159986,-166.058,0.0827769,0.398575,0.518648
303,159986,-166.058,0.0827937,0.398652,0.518554
304,159986,-166.058,0.0828104,0.398728,0.518462
305,159986,-166.058,0.082827,0.398803,0.51837
306,159986,-166.058,0.0828434,0.398878,0.518278
307,159986,-166.058,0.0828598,0.398952,0.518188
308,159986,-166.058,0.082876,0.399026,0.518098
309,159986,-166.058,0.0828921,0.399099,0.518009
310,159986,-166.058,0.0829081,0.399172,0.51792
311,159986,-166.058,0.082924,0.399244,0.517832
312,159986,-166.058,0.0829398,0.399316,0.517744
313,159986,-166.058,0.0829555,0.399387,0.517658
314,159986,-166.058,0.082971,0.399458,0.517571
315,159986,-166.058,0.0829864,0.399528,0.517486
316,159986,-166.058,0.0830018,0.399597,0.517401
317,159986,-166.058,0.083017,0.399666,0.517317
318,159986,-166.058,0.0830321,0.399735,0.517233
319,159986,-166.058,0.0830471,0.399803,0.51715
320,159986,-166.058,0.083062,0.399871,0.517067
321,159986,-166.058,0.0830768,0.399938,0.516985
322,159986,-166.058,0.0830916,0.400005,0.516903
323,159986,-166.058,0.0831062,0.400071,0.516822
324,159986,-166.058,0.0831207,0.400137,0.516742
325,159997,-550.151,0.0831351,0.400203,0.516662
326,160184,-550.151,0.084377,0.406177,0.509446
327,160289,104.577,0.0855771,0.41195,0.502473
328,160357,68.7978,0.0867374,0.417532,0.495731
329,160445,66.5317,0.0867306,0.417495,0.495775
330,160445,66.5317,0.0867238,0.417458,0.495818
331,160445,66.5317,0.0867171,0.417422,0.495861
332,160445,66.5317,0.0867328,0.417494,0.495773
333,160445,66.5317,0.0867484,0.417565,0.495687
334,160445,66.5317,0.086764,0.417636,0.4956
335,160445,66.5317,0.0867794,0.417706,0.495514
336,160445,66.5317,0.0867947,0.417776,0.495429
337,160445,66.5317,0.0868099,0.417846,0.495344
338,160445,66.5317,0.0868251,0.417915,0.49526
339,160445,66.5317,0.0868401,0.417983,0.495177
340,160445,66.5317,0.086855,0.418051,0.495094
341,160445,66.5317,0.0868698,0.418119,0.495011
342,160445,66.5317,0.0868846,0.418186,0.494929
343,160445,66.5317,0.0868992,0.418253,0.494848
344,160445,66.5317,0.0869138,0.418319,0.494767
345,160445,66.5317,0.0869282,0.418385,0.494686
346,160445,66.5317,0.0869426,0.418451,0.494607
347,160492,66.5317,0.0869688,0.418574,0.494458
348,160492,66.5317,0.0869949,0.418695,0.49431
349,160492,66.5317,0.0870208,0.418817,0.494163
350,160492,66.5317,0.0870355,0.418884,0.49408
351,160492,66.5317,0.0870502,0.418951,0.493999
352,160492,66.5317,0.0870648,0.419018,0.493917
353,160492,66.5317,0.0870793,0.419084,0.493836
354,160492,66.5317,0.0870937,0.41915,0.493756
355,160492,66.5317,0.087108,0.419216,0.493676
356,160492,66.5317,0.0871223,0.419281,0.493597
357,160492,66.5317,0.0871364,0.419345,0.493518
358,160492,66.5317,0.0871504,0.41941,0.49344
359,160492,66.5317,0.0871644,0.419474,0.493362
360,160492,66.5317,0.0871783,0.419537,0.493285
361,160492,66.5317,0.0871921,0.4196,0.493208
362,160492,66.5317,0.0872058,0.419663,0.493131
363,160504,-320.737,0.0872194,0.419725,0.493056
364,160504,-320.737,0.087233,0.419787,0.49298
365,160504,-320.737,0.0872464,0.419849,0.492905
366,160504,-320.737,0.0872598,0.41991,0.49283
367,160504,-320.737,0.0872731,0.419971,0.492756
368,160504,-320.737,0.0872863,0.420031,0.492683
369,160504,-320.737,0.0872995,0.420091,0.492609
370,160539,-320.737,0.0874072,0.419522,0.493071
371,160539,-320.737,0.0875141,0.418958,0.493528
372,160539,-320.737,0.0876202,0.418399,0.493981
373,160539,-320.737,0.0876328,0.41846,0.493908
374,160539,-320.737,0.0876454,0.41852,0.493835
375,160539,-320.737,0.0876578,0.41858,0.493762
376,160539,-320.737,0.0876702,0.418639,0.49369
377,160539,-320.737,0.0876825,0.418699,0.493619
378,160539,-320.737,0.0876947,0.418758,0.493548
379,160539,-320.737,0.0877069,0.418816,0.493477
380,160539,-320.737,0.087719,0.418874,0.493407
381,160549,-484.7,0.087731,0.418932,0.493337
382,160549,-484.7,0.087743,0.41899,0.493267
383,160549,-484.7,0.0877549,0.419047,0.493198
384,160549,-484.7,0.0877667,0.419104,0.493129
385,160549,-484.7,0.0877785,0.419161,0.493061
386,160549,-484.7,0.0877901,0.419217,0.492993
387,160549,-484.7,0.0878018,0.419273,0.492926
388,160549,-484.7,0.0878133,0.419328,0.492858
389,160549,-484.7,0.0878248,0.419384,0.492792
390,160549,-484.7,0.0878362,0.419439,0.492725
391,160549,-484.7,0.0878476,0.419493,0.492659
392,160549,-484.7,0.0878589,0.419548,0.492593
393,160549,-484.7,0.0878701,0.419602,0.492528
394,160549,-484.7,0.0878813,0.419655,0.492463
395,160549,-484.7,0.0878924,0.419709,0.492399
396,160549,-484.7,0.0879035,0.419762,0.492334
397,160549,-484.7,0.0879144,0.419815,0.492271
398,160549,-484.7,0.0879254,0.419868,0.492207
399,160549,-484.7,0.0879362,0.41992,0.492144
400,160549,-484.7,0.087947,0.419972,0.492081
401,160549,-484.7,0.0879578,0.420024,0.492019
402,160549,-484.7,0.0879685,0.420075,0.491956
403,160549,-484.7,0.0879791,0.420126,0.491895
404,160549,-484.7,0.0879897,0.420177,0.491833
405,160549,-484.7,0.0880002,0.420228,0.491772
406,160549,-484.7,0.0880107,0.420278,0.491711
407,160549,-484.7,0.0880211,0.420328,0.491651
408,160549,-484.7,0.0880314,0.420378,0.491591
409,160549,-484.7,0.0880417,0.420428,0.491531
410,160549,-484.7,0.0880519,0.420477,0.491471
411,160549,-484.7,0.0880621,0.420526,0.491412
412,160549,-484.7,0.0880723,0.420575,0.491353
413,160549,-484.7,0.0880823,0.420623,0.491295
414,160549,-484.7,0.0880923,0.420671,0.491236
415,160549,-484.7,0.0881023,0.420719,0.491178
416,160549,-484.7,0.0881122,0.420767,0.491121
417,160549,-484.7,0.0881221,0.420815,0.491063
418,160549,-484.7,0.0881319,0.420862,0.491006
419,160549,-484.7,0.0881417,0.420909,0.49095
420,160549,-484.7,0.0881514,0.420955,0.490893
421,160549,-484.7,0.088161,0.421002,0.490837
422,160549,-484.7,0.0881707,0.421048,0.490781
423,160501,-484.7,0.0872824,0.421509,0.491209
424,160501,-484.7,0.0864162,0.421959,0.491625
425,160501,-484.7,0.0855714,0.422399,0.492029
426,160530,-562.344,0.0855795,0.422446,0.491975
427,160530,-562.344,0.0855876,0.422491,0.491921
428,160530,-562.344,0.0855956,0.422537,0.491867
429,160530,-562.344,0.0856036,0.422582,0.491814
430,160530,-562.344,0.0856116,0.422627,0.491761
431,160530,-562.344,0.0856195,0.422672,0.491708
432,160475,-562.344,0.0844125,0.423279,0.492309
433,160475,-562.344,0.0832449,0.423867,0.492888
434,160495,-221.961,0.0821147,0.424437,0.493448
435,160506,-31.0627,0.0821211,0.424482,0.493397
436,160506,-31.0627,0.0821274,0.424527,0.493346
437,160506,-31.0627,0.0821337,0.424571,0.493295
438,160506,-31.0627,0.0821412,0.424615,0.493244
439,160506,-31.0627,0.0821487,0.424658,0.493193
440,160506,-31.0627,0.0821561,0.424701,0.493143
441,160506,-31.0627,0.0821623,0.424745,0.493093
442,160506,-31.0627,0.0821684,0.424788,0.493043
443,160506,-31.0627,0.0821745,0.424831,0.492994
444,160498,-31.0627,0.0821833,0.424873,0.492944
445,160509,-415.418,0.0821921,0.424914,0.492894
446,160509,-415.418,0.0822009,0.424956,0.492844
447,160439,-415.418,0.0801903,0.425932,0.493878
448,160455,-164.302,0.0782847,0.426859,0.494856
449,160476,161.024,0.0764762,0.427741,0.495782
450,160375,31.2363,0.0692244,0.431145,0.49963
451,160472,662.976,0.0632552,0.433955,0.502789
452,160596,123.799,0.0582559,0.436316,0.505428
453,160672,562.15,0.0582585,0.43636,0.505381
454,160672,562.15,0.0582611,0.436404,0.505335
455,160672,562.15,0.0582637,0.436447,0.505289
456,160616,562.15,0.0569984,0.437078,0.505924
457,160616,562.15,0.0557924,0.437681,0.506527
458,160645,929.673,0.0546418,0.438258,0.5071
459,160661,1128.79,0.0546434,0.438301,0.507055
460,160661,1128.79,0.054645,0.438344,0.507011
461,160661,1128.79,0.0546465,0.438387,0.506967
462,160661,1128.79,0.0546481,0.438429,0.506923
463,160661,1128.79,0.0546496,0.438472,0.506879
464,160661,1128.79,0.0546512,0.438514,0.506835
465,160661,1128.79,0.0546527,0.438556,0.506792
466,160661,1128.79,0.0546542,0.438597,0.506748
467,160672,745.19,0.0546558,0.438639,0.506705
468,160672,745.19,0.0546573,0.43868,0.506663
469,160672,745.19,0.0546588,0.438721,0.50662
470,160672,745.19,0.0546603,0.438762,0.506577
471,160672,745.19,0.0546618,0.438803,0.506535
472,160672,745.19,0.0546632,0.438844,0.506493
473,160672,745.19,0.0546647,0.438884,0.506451
474,160672,745.19,0.0546662,0.438924,0.50641
475,160672,745.19,0.0546676,0.438964,0.506368
476,160672,745.19,0.0546691,0.439004,0.506327
477,160672,745.19,0.0546705,0.439044,0.506286
478,160672,745.19,0.054672,0.439083,0.506245
479,160672,745.19,0.0546734,0.439122,0.506204
480,160672,745.19,0.0546748,0.439162,0.506164
481,160672,745.19,0.0546762,0.439201,0.506123
482,160821,745.19,0.055159,0.443106,0.501735
483,160844,-27.3684,0.0556313,0.446928,0.497441
484,160876,-789.575,0.0560935,0.450669,0.493237
485,160941,140.467,0.0560952,0.450711,0.493194
486,160941,140.467,0.056097,0.450753,0.49315
487,160941,140.467,0.0560987,0.450795,0.493107
488,160941,140.467,0.0561005,0.450836,0.493064
489,160941,140.467,0.0561022,0.450877,0.493021
490,160941,140.467,0.0561039,0.450918,0.492978
491,160941,140.467,0.0561056,0.450959,0.492936
492,160941,140.467,0.0561073,0.450999,0.492893
493,160941,140.467,0.056109,0.45104,0.492851
494,160941,140.467,0.0561106,0.45108,0.492809
495,160941,140.467,0.0561123,0.45112,0.492767
496,160941,140.467,0.056114,0.45116,0.492726
497,160941,140.467,0.0561156,0.4512,0.492684
498,160941,140.467,0.0561173,0.45124,0.492643
499,160941,140.467,0.0561189,0.451279,0.492602
500,160941,140.467,0.0561205,0.451318,0.492561
501,160941,140.467,0.0561222,0.451357,0.49252
502,160941,140.467,0.0561238,0.451396,0.49248
503,160941,140.467,0.0561254,0.451435,0.49244
504,160941,140.467,0.056127,0.451474,0.492399
505,160941,140.467,0.0561286,0.451512,0.492359
506,160941,140.467,0.0561302,0.45155,0.49232
507,160941,140.467,0.0561317,0.451588,0.49228
508,160941,140.467,0.0561333,0.451626,0.49224
509,160941,140.467,0.0561349,0.451664,0.492201
510,160941,140.467,0.0561364,0.451702,0.492162
511,160941,140.467,0.056138,0.451739,0.492123
512,160941,140.467,0.0561395,0.451776,0.492084
513,160941,140.467,0.0561411,0.451814,0.492045
514,160941,140.467,0.0561426,0.451851,0.492007
515,160941,140.467,0.0561441,0.451887,0.491968
516,160941,140.467,0.0561456,0.451924,0.49193
517,160941,140.467,0.0561471,0.451961,0.491892
518,160941,140.467,0.0561486,0.451997,0.491854
519,160941,140.467,0.0561501,0.452033,0.491817
520,160941,140.467,0.0561516,0.452069,0.491779
521,160941,140.467,0.0561531,0.452105,0.491742
522,160941,140.467,0.0561546,0.452141,0.491704
523,161019,140.467,0.0563543,0.450243,0.493403
524,161019,140.467,0.0565516,0.448368,0.495081
525,161019,140.467,0.0567465,0.446516,0.496737
526,161055,670.375,0.0567478,0.446554,0.496699
527,161055,670.375,0.0567491,0.446591,0.49666
528,161055,670.375,0.0567504,0.446628,0.496622
529,161055,670.375,0.0567517,0.446664,0.496584
530,161055,670.375,0.0567529,0.446701,0.496546
531,161003,670.375,0.0557194,0.447227,0.497053
532,161003,670.375,0.0547269,0.447735,0.497539
533,161029,969.726,0.0537728,0.448223,0.498004
534,161029,969.726,0.0537734,0.44826,0.497967
535,161029,969.726,0.053774,0.448296,0.49793
536,161029,969.726,0.0537746,0.448332,0.497893
537,161029,969.726,0.0537752,0.448368,0.497857
538,161029,969.726,0.0537758,0.448404,0.49782
539,161029,969.726,0.0537764,0.44844,0.497784
540,161029,969.726,0.053777,0.448475,0.497748
541,161029,969.726,0.0537775,0.448511,0.497712
542,161029,969.726,0.0537781,0.448546,0.497676
543,161029,969.726,0.0537787,0.448581,0.49764
544,161029,969.726,0.0537793,0.448616,0.497604
545,161029,969.726,0.0537798,0.448651,0.497569
546,161029,969.726,0.0537804,0.448686,0.497534
547,161029,969.726,0.053781,0.448721,0.497498
548,161029,969.726,0.0537815,0.448755,0.497463
549,161029,969.726,0.0537821,0.44879,0.497428
550,161029,969.726,0.0537827,0.448824,0.497394
551,161029,969.726,0.0537832,0.448858,0.497359
552,161029,969.726,0.0537838,0.448892,0.497324
553,161029,969.726,0.0537843,0.448926,0.49729
554,161029,969.726,0.0537849,0.448959,0.497256
555,161040,583.679,0.0537854,0.448993,0.497222
556,161040,583.679,0.0537859,0.449026,0.497188
557,161040,583.679,0.0537865,0.44906,0.497154
558,161040,583.679,0.053787,0.449093,0.49712
559,161114,583.679,0.0539512,0.44745,0.498599
560,161145,-366.551,0.0541136,0.445825,0.500061
561,161161,176.09,0.0542742,0.444219,0.501507
562,161161,176.09,0.0542747,0.444253,0.501473
563,161161,176.09,0.0542751,0.444287,0.501438
564,161161,176.09,0.0542755,0.444321,0.501404
565,161161,176.09,0.0542759,0.444354,0.50137
566,161161,176.09,0.0542763,0.444388,0.501336
567,161161,176.09,0.0542767,0.444422,0.501302
568,161161,176.09,0.0542771,0.444455,0.501268
569,161161,176.09,0.0542775,0.444488,0.501234
570,161161,176.09,0.0542779,0.444522,0.501201
571,161161,176.09,0.0542783,0.444555,0.501167
572,161161,176.09,0.0542787,0.444587,0.501134
573,161161,176.09,0.0542791,0.44462,0.501101
574,161229,176.09,0.0544159,0.443257,0.502327
575,161243,634.39,0.0545513,0.441908,0.503541
576,161243,634.39,0.0546855,0.440572,0.504742
577,161290,53.1205,0.0546858,0.440605,0.504709
578,161290,53.1205,0.0546861,0.440639,0.504675
579,161290,53.1205,0.0546864,0.440672,0.504642
580,161290,53.1205,0.0546867,0.440705,0.504608
581,161290,53.1205,0.054687,0.440738,0.504575
582,161290,53.1205,0.0546873,0.440771,0.504542
583,161290,53.1205,0.0546876,0.440804,0.504509
584,161290,53.1205,0.0546878,0.440836,0.504476
585,161290,53.1205,0.0546881,0.440869,0.504443
586,161290,53.1205,0.0546884,0.440901,0.50441
587,161290,53.1205,0.0546887,0.440934,0.504378
588,161290,53.1205,0.054689,0.440966,0.504345
589,161290,53.1205,0.0546892,0.440998,0.504313
590,161290,53.1205,0.0546895,0.44103,0.504281
591,161146,53.1205,0.0472368,0.444539,0.508224
592,161282,648.248,0.0415896,0.447206,0.511204
593,161432,149.523,0.0371626,0.449304,0.513533
594,161523,543.988,0.0371629,0.449336,0.513501
595,161523,543.988,0.0371631,0.449368,0.513469
596,161523,543.988,0.0371634,0.4494,0.513436
597,161523,543.988,0.0371636,0.449432,0.513404
598,161523,543.988,0.0371639,0.449464,0.513373
599,161523,543.988,0.0371641,0.449495,0.513341
600,161492,543.988,0.036817,0.449689,0.513494
601,161492,543.988,0.0364775,0.449879,0.513644
602,161492,543.988,0.0361454,0.450065,0.51379
603,161492,543.988,0.0361454,0.450096,0.513758
604,161492,543.988,0.0361453,0.450127,0.513727
605,161492,543.988,0.0361453,0.450158,0.513696
606,161492,543.988,0.0361452,0.450189,0.513665
607,161492,543.988,0.0361452,0.45022,0.513635
608,161492,543.988,0.0361452,0.450251,0.513604
609,161492,543.988,0.0361451,0.450281,0.513573
610,161492,543.988,0.0361451,0.450312,0.513543
611,161492,543.988,0.036145,0.450342,0.513513
612,161492,543.988,0.036145,0.450373,0.513482
613,161492,543.988,0.036145,0.450403,0.513452
614,161492,543.988,0.0361449,0.450433,0.513422
615,161492,543.988,0.0361449,0.450463,0.513392
616,161492,543.988,0.0361448,0.450493,0.513362
617,161492,543.988,0.0361448,0.450523,0.513333
618,161492,543.988,0.0361448,0.450552,0.513303
619,161492,543.988,0.0361447,0.450582,0.513274
620,161492,543.988,0.0361447,0.450611,0.513244
621,161492,543.988,0.0361446,0.450641,0.513215
622,161492,543.988,0.0361446,0.45067,0.513186
623,161492,543.988,0.0361446,0.450699,0.513156
624,161492,543.988,0.0361445,0.450728,0.513127
625,161492,543.988,0.0361445,0.450757,0.513098
626,161492,543.988,0.0361444,0.450786,0.51307
627,161463,543.988,0.035875,0.450941,0.513184
628,161463,543.988,0.0356105,0.451093,0.513296
629,161487,756.866,0.0353507,0.451243,0.513406
630,161487,756.866,0.0353504,0.451272,0.513378
631,161487,756.866,0.0353501,0.4513,0.51335
632,161487,756.866,0.0353498,0.451329,0.513321
633,161455,756.866,0.035013,0.451515,0.513472
634,161455,756.866,0.0346836,0.451697,0.513619
635,161468,372.318,0.0343614,0.451876,0.513763
636,161478,564.626,0.0343293,0.451919,0.513752
637,161478,564.626,0.0342974,0.451962,0.513741
638,161478,564.626,0.0342656,0.452004,0.51373
639,161478,564.626,0.0342649,0.452032,0.513703
640,161478,564.626,0.0342643,0.45206,0.513676
641,161478,564.626,0.0342637,0.452088,0.513648
642,161478,564.626,0.034263,0.452116,0.513621
643,161478,564.626,0.0342624,0.452143,0.513594
644,161478,564.626,0.0342618,0.452171,0.513568
645,161478,564.626,0.0342612,0.452198,0.513541
646,161478,564.626,0.0342605,0.452225,0.513514
647,161478,564.626,0.0342599,0.452253,0.513487
648,161478,564.626,0.0342593,0.45228,0.513461
649,161478,564.626,0.0342587,0.452307,0.513434
650,161478,564.626,0.0342581,0.452334,0.513408
651,161478,564.626,0.0342575,0.452361,0.513382
652,161478,564.626,0.0342568,0.452388,0.513355
653,161478,564.626,0.0342562,0.452414,0.513329
654,161478,564.626,0.0342556,0.452441,0.513303
655,161478,564.626,0.034255,0.452468,0.513277
656,161478,564.626,0.0342544,0.452494,0.513251
657,161478,564.626,0.0342538,0.452521,0.513226
658,161478,564.626,0.0342532,0.452547,0.5132
659,161478,564.626,0.0342526,0.452573,0.513174
660,161478,564.626,0.034252,0.452599,0.513149
661,161478,564.626,0.0342514,0.452625,0.513123
662,161478,564.626,0.0342508,0.452651,0.513098
663,161478,564.626,0.0342502,0.452677,0.513073
664,161450,564.626,0.0342576,0.452576,0.513167
665,161450,564.626,0.034265,0.452474,0.513261
666,161450,564.626,0.0342723,0.452373,0.513354
667,161450,564.626,0.0342718,0.452399,0.51333
668,161450,564.626,0.0342712,0.452424,0.513305
669,161450,564.626,0.0342706,0.452449,0.51328
670,161166,564.626,0.0354164,0.434159,0.530425
671,161379,213.196,0.03647,0.417343,0.546187
672,161581,201.103,0.0374421,0.401829,0.560729
673,161714,186.033,0.0374751,0.40132,0.561205
674,161714,186.033,0.0375079,0.400814,0.561678
675,161714,186.033,0.0375405,0.40031,0.562149
676,161714,186.033,0.0375402,0.400332,0.562128
677,161714,186.033,0.03754,0.400353,0.562107
678,161714,186.033,0.0375397,0.400375,0.562086
679,161714,186.033,0.0375394,0.400396,0.562065
680,161714,186.033,0.0375392,0.400417,0.562044
681,161714,186.033,0.0375389,0.400439,0.562023
682,161714,186.033,0.0375386,0.40046,0.562002
683,161714,186.033,0.0375384,0.400481,0.561981
684,161714,186.033,0.0375381,0.400502,0.56196
685,161714,186.033,0.0375379,0.400523,0.561939
686,161714,186.033,0.0375376,0.400544,0.561919
687,161714,186.033,0.0375373,0.400564,0.561898
688,161714,186.033,0.0375371,0.400585,0.561878
689,161714,186.033,0.0375368,0.400606,0.561857
690,161714,186.033,0.0375366,0.400627,0.561837
691,161714,186.033,0.0375363,0.400647,0.561817
692,161714,186.033,0.037536,0.400668,0.561796
693,161714,186.033,0.0375358,0.400688,0.561776
694,161714,186.033,0.0375355,0.400708,0.561756
695,161714,186.033,0.0375353,0.400729,0.561736
696,161714,186.033,0.037535,0.400749,0.561716
697,161714,186.033,0.0375348,0.400769,0.561696
698,161714,186.033,0.0375345,0.400789,0.561676
699,161714,186.033,0.0375343,0.400809,0.561656
700,161714,186.033,0.037534,0.400829,0.561637
